-- MySQL dump 10.13  Distrib 8.0.39, for Win64 (x86_64)
--
-- Host: localhost    Database: ecommerce_db
-- ------------------------------------------------------
-- Server version	8.0.39

/*!40101 SET @OLD_CHARACTER_SET_CLIENT=@@CHARACTER_SET_CLIENT */;
/*!40101 SET @OLD_CHARACTER_SET_RESULTS=@@CHARACTER_SET_RESULTS */;
/*!40101 SET @OLD_COLLATION_CONNECTION=@@COLLATION_CONNECTION */;
/*!50503 SET NAMES utf8mb4 */;
/*!40103 SET @OLD_TIME_ZONE=@@TIME_ZONE */;
/*!40103 SET TIME_ZONE='+00:00' */;
/*!40014 SET @OLD_UNIQUE_CHECKS=@@UNIQUE_CHECKS, UNIQUE_CHECKS=0 */;
/*!40014 SET @OLD_FOREIGN_KEY_CHECKS=@@FOREIGN_KEY_CHECKS, FOREIGN_KEY_CHECKS=0 */;
/*!40101 SET @OLD_SQL_MODE=@@SQL_MODE, SQL_MODE='NO_AUTO_VALUE_ON_ZERO' */;
/*!40111 SET @OLD_SQL_NOTES=@@SQL_NOTES, SQL_NOTES=0 */;

--
-- Table structure for table `auth_group`
--

DROP TABLE IF EXISTS `auth_group`;
/*!40101 SET @saved_cs_client     = @@character_set_client */;
/*!50503 SET character_set_client = utf8mb4 */;
CREATE TABLE `auth_group` (
  `id` int NOT NULL AUTO_INCREMENT,
  `name` varchar(150) NOT NULL,
  PRIMARY KEY (`id`),
  UNIQUE KEY `name` (`name`)
) ENGINE=InnoDB DEFAULT CHARSET=utf8mb4 COLLATE=utf8mb4_0900_ai_ci;
/*!40101 SET character_set_client = @saved_cs_client */;

--
-- Dumping data for table `auth_group`
--

LOCK TABLES `auth_group` WRITE;
/*!40000 ALTER TABLE `auth_group` DISABLE KEYS */;
/*!40000 ALTER TABLE `auth_group` ENABLE KEYS */;
UNLOCK TABLES;

--
-- Table structure for table `auth_group_permissions`
--

DROP TABLE IF EXISTS `auth_group_permissions`;
/*!40101 SET @saved_cs_client     = @@character_set_client */;
/*!50503 SET character_set_client = utf8mb4 */;
CREATE TABLE `auth_group_permissions` (
  `id` bigint NOT NULL AUTO_INCREMENT,
  `group_id` int NOT NULL,
  `permission_id` int NOT NULL,
  PRIMARY KEY (`id`),
  UNIQUE KEY `auth_group_permissions_group_id_permission_id_0cd325b0_uniq` (`group_id`,`permission_id`),
  KEY `auth_group_permissio_permission_id_84c5c92e_fk_auth_perm` (`permission_id`),
  CONSTRAINT `auth_group_permissio_permission_id_84c5c92e_fk_auth_perm` FOREIGN KEY (`permission_id`) REFERENCES `auth_permission` (`id`),
  CONSTRAINT `auth_group_permissions_group_id_b120cbf9_fk_auth_group_id` FOREIGN KEY (`group_id`) REFERENCES `auth_group` (`id`)
) ENGINE=InnoDB DEFAULT CHARSET=utf8mb4 COLLATE=utf8mb4_0900_ai_ci;
/*!40101 SET character_set_client = @saved_cs_client */;

--
-- Dumping data for table `auth_group_permissions`
--

LOCK TABLES `auth_group_permissions` WRITE;
/*!40000 ALTER TABLE `auth_group_permissions` DISABLE KEYS */;
/*!40000 ALTER TABLE `auth_group_permissions` ENABLE KEYS */;
UNLOCK TABLES;

--
-- Table structure for table `auth_permission`
--

DROP TABLE IF EXISTS `auth_permission`;
/*!40101 SET @saved_cs_client     = @@character_set_client */;
/*!50503 SET character_set_client = utf8mb4 */;
CREATE TABLE `auth_permission` (
  `id` int NOT NULL AUTO_INCREMENT,
  `name` varchar(255) NOT NULL,
  `content_type_id` int NOT NULL,
  `codename` varchar(100) NOT NULL,
  PRIMARY KEY (`id`),
  UNIQUE KEY `auth_permission_content_type_id_codename_01ab375a_uniq` (`content_type_id`,`codename`),
  CONSTRAINT `auth_permission_content_type_id_2f476e4b_fk_django_co` FOREIGN KEY (`content_type_id`) REFERENCES `django_content_type` (`id`)
) ENGINE=InnoDB AUTO_INCREMENT=53 DEFAULT CHARSET=utf8mb4 COLLATE=utf8mb4_0900_ai_ci;
/*!40101 SET character_set_client = @saved_cs_client */;

--
-- Dumping data for table `auth_permission`
--

LOCK TABLES `auth_permission` WRITE;
/*!40000 ALTER TABLE `auth_permission` DISABLE KEYS */;
INSERT INTO `auth_permission` VALUES (1,'Can add log entry',1,'add_logentry'),(2,'Can change log entry',1,'change_logentry'),(3,'Can delete log entry',1,'delete_logentry'),(4,'Can view log entry',1,'view_logentry'),(5,'Can add permission',2,'add_permission'),(6,'Can change permission',2,'change_permission'),(7,'Can delete permission',2,'delete_permission'),(8,'Can view permission',2,'view_permission'),(9,'Can add group',3,'add_group'),(10,'Can change group',3,'change_group'),(11,'Can delete group',3,'delete_group'),(12,'Can view group',3,'view_group'),(13,'Can add user',4,'add_user'),(14,'Can change user',4,'change_user'),(15,'Can delete user',4,'delete_user'),(16,'Can view user',4,'view_user'),(17,'Can add content type',5,'add_contenttype'),(18,'Can change content type',5,'change_contenttype'),(19,'Can delete content type',5,'delete_contenttype'),(20,'Can view content type',5,'view_contenttype'),(21,'Can add session',6,'add_session'),(22,'Can change session',6,'change_session'),(23,'Can delete session',6,'delete_session'),(24,'Can view session',6,'view_session'),(25,'Can add product',7,'add_product'),(26,'Can change product',7,'change_product'),(27,'Can delete product',7,'delete_product'),(28,'Can view product',7,'view_product'),(29,'Can add cart',8,'add_cart'),(30,'Can change cart',8,'change_cart'),(31,'Can delete cart',8,'delete_cart'),(32,'Can view cart',8,'view_cart'),(33,'Can add order',9,'add_order'),(34,'Can change order',9,'change_order'),(35,'Can delete order',9,'delete_order'),(36,'Can view order',9,'view_order'),(37,'Can add order item',10,'add_orderitem'),(38,'Can change order item',10,'change_orderitem'),(39,'Can delete order item',10,'delete_orderitem'),(40,'Can view order item',10,'view_orderitem'),(41,'Can add cart item',11,'add_cartitem'),(42,'Can change cart item',11,'change_cartitem'),(43,'Can delete cart item',11,'delete_cartitem'),(44,'Can view cart item',11,'view_cartitem'),(45,'Can add profile',12,'add_profile'),(46,'Can change profile',12,'change_profile'),(47,'Can delete profile',12,'delete_profile'),(48,'Can view profile',12,'view_profile'),(49,'Can add shipping details',13,'add_shippingdetails'),(50,'Can change shipping details',13,'change_shippingdetails'),(51,'Can delete shipping details',13,'delete_shippingdetails'),(52,'Can view shipping details',13,'view_shippingdetails');
/*!40000 ALTER TABLE `auth_permission` ENABLE KEYS */;
UNLOCK TABLES;

--
-- Table structure for table `auth_user`
--

DROP TABLE IF EXISTS `auth_user`;
/*!40101 SET @saved_cs_client     = @@character_set_client */;
/*!50503 SET character_set_client = utf8mb4 */;
CREATE TABLE `auth_user` (
  `id` int NOT NULL AUTO_INCREMENT,
  `password` varchar(128) NOT NULL,
  `last_login` datetime(6) DEFAULT NULL,
  `is_superuser` tinyint(1) NOT NULL,
  `username` varchar(150) NOT NULL,
  `first_name` varchar(150) NOT NULL,
  `last_name` varchar(150) NOT NULL,
  `email` varchar(254) NOT NULL,
  `is_staff` tinyint(1) NOT NULL,
  `is_active` tinyint(1) NOT NULL,
  `date_joined` datetime(6) NOT NULL,
  PRIMARY KEY (`id`),
  UNIQUE KEY `username` (`username`)
) ENGINE=InnoDB DEFAULT CHARSET=utf8mb4 COLLATE=utf8mb4_0900_ai_ci;
/*!40101 SET character_set_client = @saved_cs_client */;

--
-- Dumping data for table `auth_user`
--

LOCK TABLES `auth_user` WRITE;
/*!40000 ALTER TABLE `auth_user` DISABLE KEYS */;
/*!40000 ALTER TABLE `auth_user` ENABLE KEYS */;
UNLOCK TABLES;

--
-- Table structure for table `auth_user_groups`
--

DROP TABLE IF EXISTS `auth_user_groups`;
/*!40101 SET @saved_cs_client     = @@character_set_client */;
/*!50503 SET character_set_client = utf8mb4 */;
CREATE TABLE `auth_user_groups` (
  `id` bigint NOT NULL AUTO_INCREMENT,
  `user_id` int NOT NULL,
  `group_id` int NOT NULL,
  PRIMARY KEY (`id`),
  UNIQUE KEY `auth_user_groups_user_id_group_id_94350c0c_uniq` (`user_id`,`group_id`),
  KEY `auth_user_groups_group_id_97559544_fk_auth_group_id` (`group_id`),
  CONSTRAINT `auth_user_groups_group_id_97559544_fk_auth_group_id` FOREIGN KEY (`group_id`) REFERENCES `auth_group` (`id`),
  CONSTRAINT `auth_user_groups_user_id_6a12ed8b_fk_auth_user_id` FOREIGN KEY (`user_id`) REFERENCES `auth_user` (`id`)
) ENGINE=InnoDB DEFAULT CHARSET=utf8mb4 COLLATE=utf8mb4_0900_ai_ci;
/*!40101 SET character_set_client = @saved_cs_client */;

--
-- Dumping data for table `auth_user_groups`
--

LOCK TABLES `auth_user_groups` WRITE;
/*!40000 ALTER TABLE `auth_user_groups` DISABLE KEYS */;
/*!40000 ALTER TABLE `auth_user_groups` ENABLE KEYS */;
UNLOCK TABLES;

--
-- Table structure for table `auth_user_user_permissions`
--

DROP TABLE IF EXISTS `auth_user_user_permissions`;
/*!40101 SET @saved_cs_client     = @@character_set_client */;
/*!50503 SET character_set_client = utf8mb4 */;
CREATE TABLE `auth_user_user_permissions` (
  `id` bigint NOT NULL AUTO_INCREMENT,
  `user_id` int NOT NULL,
  `permission_id` int NOT NULL,
  PRIMARY KEY (`id`),
  UNIQUE KEY `auth_user_user_permissions_user_id_permission_id_14a6b632_uniq` (`user_id`,`permission_id`),
  KEY `auth_user_user_permi_permission_id_1fbb5f2c_fk_auth_perm` (`permission_id`),
  CONSTRAINT `auth_user_user_permi_permission_id_1fbb5f2c_fk_auth_perm` FOREIGN KEY (`permission_id`) REFERENCES `auth_permission` (`id`),
  CONSTRAINT `auth_user_user_permissions_user_id_a95ead1b_fk_auth_user_id` FOREIGN KEY (`user_id`) REFERENCES `auth_user` (`id`)
) ENGINE=InnoDB DEFAULT CHARSET=utf8mb4 COLLATE=utf8mb4_0900_ai_ci;
/*!40101 SET character_set_client = @saved_cs_client */;

--
-- Dumping data for table `auth_user_user_permissions`
--

LOCK TABLES `auth_user_user_permissions` WRITE;
/*!40000 ALTER TABLE `auth_user_user_permissions` DISABLE KEYS */;
/*!40000 ALTER TABLE `auth_user_user_permissions` ENABLE KEYS */;
UNLOCK TABLES;

--
-- Table structure for table `django_admin_log`
--

DROP TABLE IF EXISTS `django_admin_log`;
/*!40101 SET @saved_cs_client     = @@character_set_client */;
/*!50503 SET character_set_client = utf8mb4 */;
CREATE TABLE `django_admin_log` (
  `id` int NOT NULL AUTO_INCREMENT,
  `action_time` datetime(6) NOT NULL,
  `object_id` longtext,
  `object_repr` varchar(200) NOT NULL,
  `action_flag` smallint unsigned NOT NULL,
  `change_message` longtext NOT NULL,
  `content_type_id` int DEFAULT NULL,
  `user_id` int NOT NULL,
  PRIMARY KEY (`id`),
  KEY `django_admin_log_content_type_id_c4bce8eb_fk_django_co` (`content_type_id`),
  KEY `django_admin_log_user_id_c564eba6_fk_auth_user_id` (`user_id`),
  CONSTRAINT `django_admin_log_content_type_id_c4bce8eb_fk_django_co` FOREIGN KEY (`content_type_id`) REFERENCES `django_content_type` (`id`),
  CONSTRAINT `django_admin_log_user_id_c564eba6_fk_auth_user_id` FOREIGN KEY (`user_id`) REFERENCES `auth_user` (`id`),
  CONSTRAINT `django_admin_log_chk_1` CHECK ((`action_flag` >= 0))
) ENGINE=InnoDB DEFAULT CHARSET=utf8mb4 COLLATE=utf8mb4_0900_ai_ci;
/*!40101 SET character_set_client = @saved_cs_client */;

--
-- Dumping data for table `django_admin_log`
--

LOCK TABLES `django_admin_log` WRITE;
/*!40000 ALTER TABLE `django_admin_log` DISABLE KEYS */;
/*!40000 ALTER TABLE `django_admin_log` ENABLE KEYS */;
UNLOCK TABLES;

--
-- Table structure for table `django_content_type`
--

DROP TABLE IF EXISTS `django_content_type`;
/*!40101 SET @saved_cs_client     = @@character_set_client */;
/*!50503 SET character_set_client = utf8mb4 */;
CREATE TABLE `django_content_type` (
  `id` int NOT NULL AUTO_INCREMENT,
  `app_label` varchar(100) NOT NULL,
  `model` varchar(100) NOT NULL,
  PRIMARY KEY (`id`),
  UNIQUE KEY `django_content_type_app_label_model_76bd3d3b_uniq` (`app_label`,`model`)
) ENGINE=InnoDB AUTO_INCREMENT=14 DEFAULT CHARSET=utf8mb4 COLLATE=utf8mb4_0900_ai_ci;
/*!40101 SET character_set_client = @saved_cs_client */;

--
-- Dumping data for table `django_content_type`
--

LOCK TABLES `django_content_type` WRITE;
/*!40000 ALTER TABLE `django_content_type` DISABLE KEYS */;
INSERT INTO `django_content_type` VALUES (1,'admin','logentry'),(3,'auth','group'),(2,'auth','permission'),(4,'auth','user'),(5,'contenttypes','contenttype'),(8,'myapp','cart'),(11,'myapp','cartitem'),(9,'myapp','order'),(10,'myapp','orderitem'),(7,'myapp','product'),(12,'myapp','profile'),(13,'myapp','shippingdetails'),(6,'sessions','session');
/*!40000 ALTER TABLE `django_content_type` ENABLE KEYS */;
UNLOCK TABLES;

--
-- Table structure for table `django_migrations`
--

DROP TABLE IF EXISTS `django_migrations`;
/*!40101 SET @saved_cs_client     = @@character_set_client */;
/*!50503 SET character_set_client = utf8mb4 */;
CREATE TABLE `django_migrations` (
  `id` bigint NOT NULL AUTO_INCREMENT,
  `app` varchar(255) NOT NULL,
  `name` varchar(255) NOT NULL,
  `applied` datetime(6) NOT NULL,
  PRIMARY KEY (`id`)
) ENGINE=InnoDB AUTO_INCREMENT=26 DEFAULT CHARSET=utf8mb4 COLLATE=utf8mb4_0900_ai_ci;
/*!40101 SET character_set_client = @saved_cs_client */;

--
-- Dumping data for table `django_migrations`
--

LOCK TABLES `django_migrations` WRITE;
/*!40000 ALTER TABLE `django_migrations` DISABLE KEYS */;
INSERT INTO `django_migrations` VALUES (1,'contenttypes','0001_initial','2024-08-24 05:40:24.340970'),(2,'auth','0001_initial','2024-08-24 05:40:31.449960'),(3,'admin','0001_initial','2024-08-24 05:40:33.261255'),(4,'admin','0002_logentry_remove_auto_add','2024-08-24 05:40:33.492405'),(5,'admin','0003_logentry_add_action_flag_choices','2024-08-24 05:40:33.639497'),(6,'contenttypes','0002_remove_content_type_name','2024-08-24 05:40:34.875524'),(7,'auth','0002_alter_permission_name_max_length','2024-08-24 05:40:35.627698'),(8,'auth','0003_alter_user_email_max_length','2024-08-24 05:40:36.103670'),(9,'auth','0004_alter_user_username_opts','2024-08-24 05:40:36.246022'),(10,'auth','0005_alter_user_last_login_null','2024-08-24 05:40:37.158227'),(11,'auth','0006_require_contenttypes_0002','2024-08-24 05:40:37.195907'),(12,'auth','0007_alter_validators_add_error_messages','2024-08-24 05:40:37.344757'),(13,'auth','0008_alter_user_username_max_length','2024-08-24 05:40:38.255960'),(14,'auth','0009_alter_user_last_name_max_length','2024-08-24 05:40:39.080555'),(15,'auth','0010_alter_group_name_max_length','2024-08-24 05:40:39.458497'),(16,'auth','0011_update_proxy_permissions','2024-08-24 05:40:39.650810'),(17,'auth','0012_alter_user_first_name_max_length','2024-08-24 05:40:40.502741'),(18,'myapp','0001_initial','2024-08-24 05:40:49.344057'),(19,'myapp','0002_remove_shippingdetails_order_and_more','2024-08-24 05:40:53.837210'),(20,'myapp','0003_rename_total_order_total_price_remove_order_address_and_more','2024-08-24 05:40:59.348987'),(21,'myapp','0004_profile_address_profile_city_profile_postal_code_and_more','2024-08-24 05:41:01.268922'),(22,'myapp','0005_cart_is_active','2024-08-24 05:41:01.907923'),(23,'myapp','0006_alter_cartitem_cart_alter_cartitem_product_and_more','2024-08-24 05:41:02.760807'),(24,'myapp','0007_remove_cart_is_active_remove_order_shipping_fee_and_more','2024-08-24 05:41:08.637726'),(25,'sessions','0001_initial','2024-08-24 05:41:09.170266');
/*!40000 ALTER TABLE `django_migrations` ENABLE KEYS */;
UNLOCK TABLES;

--
-- Table structure for table `django_session`
--

DROP TABLE IF EXISTS `django_session`;
/*!40101 SET @saved_cs_client     = @@character_set_client */;
/*!50503 SET character_set_client = utf8mb4 */;
CREATE TABLE `django_session` (
  `session_key` varchar(40) NOT NULL,
  `session_data` longtext NOT NULL,
  `expire_date` datetime(6) NOT NULL,
  PRIMARY KEY (`session_key`),
  KEY `django_session_expire_date_a5c62663` (`expire_date`)
) ENGINE=InnoDB DEFAULT CHARSET=utf8mb4 COLLATE=utf8mb4_0900_ai_ci;
/*!40101 SET character_set_client = @saved_cs_client */;

--
-- Dumping data for table `django_session`
--

LOCK TABLES `django_session` WRITE;
/*!40000 ALTER TABLE `django_session` DISABLE KEYS */;
/*!40000 ALTER TABLE `django_session` ENABLE KEYS */;
UNLOCK TABLES;

--
-- Table structure for table `myapp_cart`
--

DROP TABLE IF EXISTS `myapp_cart`;
/*!40101 SET @saved_cs_client     = @@character_set_client */;
/*!50503 SET character_set_client = utf8mb4 */;
CREATE TABLE `myapp_cart` (
  `id` bigint NOT NULL AUTO_INCREMENT,
  `created_at` datetime(6) NOT NULL,
  `user_id` int NOT NULL,
  `total_price` decimal(10,2) NOT NULL,
  PRIMARY KEY (`id`),
  UNIQUE KEY `user_id` (`user_id`),
  CONSTRAINT `myapp_cart_user_id_d6c51e4b_fk_auth_user_id` FOREIGN KEY (`user_id`) REFERENCES `auth_user` (`id`)
) ENGINE=InnoDB DEFAULT CHARSET=utf8mb4 COLLATE=utf8mb4_0900_ai_ci;
/*!40101 SET character_set_client = @saved_cs_client */;

--
-- Dumping data for table `myapp_cart`
--

LOCK TABLES `myapp_cart` WRITE;
/*!40000 ALTER TABLE `myapp_cart` DISABLE KEYS */;
/*!40000 ALTER TABLE `myapp_cart` ENABLE KEYS */;
UNLOCK TABLES;

--
-- Table structure for table `myapp_cartitem`
--

DROP TABLE IF EXISTS `myapp_cartitem`;
/*!40101 SET @saved_cs_client     = @@character_set_client */;
/*!50503 SET character_set_client = utf8mb4 */;
CREATE TABLE `myapp_cartitem` (
  `id` bigint NOT NULL AUTO_INCREMENT,
  `quantity` int unsigned NOT NULL,
  `cart_id` bigint NOT NULL,
  `product_id` bigint NOT NULL,
  `total_price` decimal(10,2) NOT NULL,
  PRIMARY KEY (`id`),
  KEY `myapp_cartitem_cart_id_a4c8a9cf_fk_myapp_cart_id` (`cart_id`),
  KEY `myapp_cartitem_product_id_4e665953_fk_myapp_product_id` (`product_id`),
  CONSTRAINT `myapp_cartitem_cart_id_a4c8a9cf_fk_myapp_cart_id` FOREIGN KEY (`cart_id`) REFERENCES `myapp_cart` (`id`),
  CONSTRAINT `myapp_cartitem_product_id_4e665953_fk_myapp_product_id` FOREIGN KEY (`product_id`) REFERENCES `myapp_product` (`id`),
  CONSTRAINT `myapp_cartitem_chk_1` CHECK ((`quantity` >= 0))
) ENGINE=InnoDB DEFAULT CHARSET=utf8mb4 COLLATE=utf8mb4_0900_ai_ci;
/*!40101 SET character_set_client = @saved_cs_client */;

--
-- Dumping data for table `myapp_cartitem`
--

LOCK TABLES `myapp_cartitem` WRITE;
/*!40000 ALTER TABLE `myapp_cartitem` DISABLE KEYS */;
/*!40000 ALTER TABLE `myapp_cartitem` ENABLE KEYS */;
UNLOCK TABLES;

--
-- Table structure for table `myapp_order`
--

DROP TABLE IF EXISTS `myapp_order`;
/*!40101 SET @saved_cs_client     = @@character_set_client */;
/*!50503 SET character_set_client = utf8mb4 */;
CREATE TABLE `myapp_order` (
  `id` bigint NOT NULL AUTO_INCREMENT,
  `total_price` decimal(10,2) NOT NULL,
  `created_at` datetime(6) NOT NULL,
  `user_id` int NOT NULL,
  `status` varchar(20) NOT NULL,
  `address` varchar(255) NOT NULL,
  `city` varchar(100) NOT NULL,
  `postal_code` varchar(20) NOT NULL,
  PRIMARY KEY (`id`),
  KEY `myapp_order_user_id_98783cea_fk_auth_user_id` (`user_id`),
  CONSTRAINT `myapp_order_user_id_98783cea_fk_auth_user_id` FOREIGN KEY (`user_id`) REFERENCES `auth_user` (`id`)
) ENGINE=InnoDB DEFAULT CHARSET=utf8mb4 COLLATE=utf8mb4_0900_ai_ci;
/*!40101 SET character_set_client = @saved_cs_client */;

--
-- Dumping data for table `myapp_order`
--

LOCK TABLES `myapp_order` WRITE;
/*!40000 ALTER TABLE `myapp_order` DISABLE KEYS */;
/*!40000 ALTER TABLE `myapp_order` ENABLE KEYS */;
UNLOCK TABLES;

--
-- Table structure for table `myapp_orderitem`
--

DROP TABLE IF EXISTS `myapp_orderitem`;
/*!40101 SET @saved_cs_client     = @@character_set_client */;
/*!50503 SET character_set_client = utf8mb4 */;
CREATE TABLE `myapp_orderitem` (
  `id` bigint NOT NULL AUTO_INCREMENT,
  `quantity` int unsigned NOT NULL,
  `order_id` bigint NOT NULL,
  `product_id` bigint NOT NULL,
  PRIMARY KEY (`id`),
  KEY `myapp_orderitem_order_id_62cd3209_fk_myapp_order_id` (`order_id`),
  KEY `myapp_orderitem_product_id_c0451de9_fk_myapp_product_id` (`product_id`),
  CONSTRAINT `myapp_orderitem_order_id_62cd3209_fk_myapp_order_id` FOREIGN KEY (`order_id`) REFERENCES `myapp_order` (`id`),
  CONSTRAINT `myapp_orderitem_product_id_c0451de9_fk_myapp_product_id` FOREIGN KEY (`product_id`) REFERENCES `myapp_product` (`id`),
  CONSTRAINT `myapp_orderitem_chk_1` CHECK ((`quantity` >= 0))
) ENGINE=InnoDB DEFAULT CHARSET=utf8mb4 COLLATE=utf8mb4_0900_ai_ci;
/*!40101 SET character_set_client = @saved_cs_client */;

--
-- Dumping data for table `myapp_orderitem`
--

LOCK TABLES `myapp_orderitem` WRITE;
/*!40000 ALTER TABLE `myapp_orderitem` DISABLE KEYS */;
/*!40000 ALTER TABLE `myapp_orderitem` ENABLE KEYS */;
UNLOCK TABLES;

--
-- Table structure for table `myapp_product`
--

DROP TABLE IF EXISTS `myapp_product`;
/*!40101 SET @saved_cs_client     = @@character_set_client */;
/*!50503 SET character_set_client = utf8mb4 */;
CREATE TABLE `myapp_product` (
  `id` bigint NOT NULL AUTO_INCREMENT,
  `name` varchar(255) NOT NULL,
  `price` decimal(10,2) NOT NULL,
  `image` varchar(100) NOT NULL,
  `description` longtext,
  `rating` int unsigned NOT NULL,
  `reviews` int unsigned NOT NULL,
  PRIMARY KEY (`id`),
  CONSTRAINT `myapp_product_chk_1` CHECK ((`rating` >= 0)),
  CONSTRAINT `myapp_product_chk_2` CHECK ((`reviews` >= 0))
) ENGINE=InnoDB DEFAULT CHARSET=utf8mb4 COLLATE=utf8mb4_0900_ai_ci;
/*!40101 SET character_set_client = @saved_cs_client */;

--
-- Dumping data for table `myapp_product`
--

LOCK TABLES `myapp_product` WRITE;
/*!40000 ALTER TABLE `myapp_product` DISABLE KEYS */;
/*!40000 ALTER TABLE `myapp_product` ENABLE KEYS */;
UNLOCK TABLES;

--
-- Table structure for table `myapp_profile`
--

DROP TABLE IF EXISTS `myapp_profile`;
/*!40101 SET @saved_cs_client     = @@character_set_client */;
/*!50503 SET character_set_client = utf8mb4 */;
CREATE TABLE `myapp_profile` (
  `id` bigint NOT NULL AUTO_INCREMENT,
  `phone_number` varchar(15) DEFAULT NULL,
  `user_id` int NOT NULL,
  `address` varchar(255) DEFAULT NULL,
  `city` varchar(100) DEFAULT NULL,
  `postal_code` varchar(20) DEFAULT NULL,
  `profile_picture` varchar(100) NOT NULL,
  PRIMARY KEY (`id`),
  UNIQUE KEY `user_id` (`user_id`),
  CONSTRAINT `myapp_profile_user_id_9fe34268_fk_auth_user_id` FOREIGN KEY (`user_id`) REFERENCES `auth_user` (`id`)
) ENGINE=InnoDB DEFAULT CHARSET=utf8mb4 COLLATE=utf8mb4_0900_ai_ci;
/*!40101 SET character_set_client = @saved_cs_client */;

--
-- Dumping data for table `myapp_profile`
--

LOCK TABLES `myapp_profile` WRITE;
/*!40000 ALTER TABLE `myapp_profile` DISABLE KEYS */;
/*!40000 ALTER TABLE `myapp_profile` ENABLE KEYS */;
UNLOCK TABLES;

--
-- Table structure for table `myapp_shippingdetails`
--

DROP TABLE IF EXISTS `myapp_shippingdetails`;
/*!40101 SET @saved_cs_client     = @@character_set_client */;
/*!50503 SET character_set_client = utf8mb4 */;
CREATE TABLE `myapp_shippingdetails` (
  `id` bigint NOT NULL AUTO_INCREMENT,
  `address` varchar(255) NOT NULL,
  `city` varchar(100) NOT NULL,
  `postal_code` varchar(20) NOT NULL,
  `order_id` bigint NOT NULL,
  `user_id` int DEFAULT NULL,
  PRIMARY KEY (`id`),
  UNIQUE KEY `order_id` (`order_id`),
  UNIQUE KEY `user_id` (`user_id`),
  CONSTRAINT `myapp_shippingdetails_order_id_35006561_fk_myapp_order_id` FOREIGN KEY (`order_id`) REFERENCES `myapp_order` (`id`),
  CONSTRAINT `myapp_shippingdetails_user_id_30a9b8aa_fk_auth_user_id` FOREIGN KEY (`user_id`) REFERENCES `auth_user` (`id`)
) ENGINE=InnoDB DEFAULT CHARSET=utf8mb4 COLLATE=utf8mb4_0900_ai_ci;
/*!40101 SET character_set_client = @saved_cs_client */;

--
-- Dumping data for table `myapp_shippingdetails`
--

LOCK TABLES `myapp_shippingdetails` WRITE;
/*!40000 ALTER TABLE `myapp_shippingdetails` DISABLE KEYS */;
/*!40000 ALTER TABLE `myapp_shippingdetails` ENABLE KEYS */;
UNLOCK TABLES;
/*!40103 SET TIME_ZONE=@OLD_TIME_ZONE */;

/*!40101 SET SQL_MODE=@OLD_SQL_MODE */;
/*!40014 SET FOREIGN_KEY_CHECKS=@OLD_FOREIGN_KEY_CHECKS */;
/*!40014 SET UNIQUE_CHECKS=@OLD_UNIQUE_CHECKS */;
/*!40101 SET CHARACTER_SET_CLIENT=@OLD_CHARACTER_SET_CLIENT */;
/*!40101 SET CHARACTER_SET_RESULTS=@OLD_CHARACTER_SET_RESULTS */;
/*!40101 SET COLLATION_CONNECTION=@OLD_COLLATION_CONNECTION */;
/*!40111 SET SQL_NOTES=@OLD_SQL_NOTES */;

-- Dump completed on 2024-08-24  9:22:04
